3	Default_Default_Default_SpaceInsertBefore_Default_Default	spaceApplyDefault.fst,rewriteApplyDefault.fst		
4	RewriteCapitalize_Default_Default_SpaceInsertBefore_Default_Default	rewriteApplyCapitalize.fst,spaceApplyDefault.fst,rewriteApplyDefault.fst		
5	RewriteCardinalDigit_Default_Default_Default_Default_Default	rewriteApplyCardinalDigit.fst,spaceApplyRemoveBefore.fst,rewriteApplyDefault.fst		
6	Default_Default_Default_Default_Default_Default	spaceApplyRemoveBefore.fst,rewriteApplyDefault.fst		
7	RewriteDelete_Default_Default_Default_Default_Default	rewriteApplyDelete.fst,spaceApplyRemoveBefore.fst,rewriteApplyDefault.fst		
8	RewriteCardinalDigit_Default_Default_SpaceInsertBefore_Default_Default	rewriteApplyCardinalDigit.fst,spaceApplyDefault.fst,rewriteApplyDefault.fst		
9	RewriteCardinalMagnitude0s_Default_Default_Default_Default_Default	rewriteApplyCardinalMagnitude0s.fst,spaceApplyRemoveBefore.fst,rewriteApplyDefault.fst		
10	RewriteCardinalDecadeFirstDigit_Default_Default_Default_Default_Default	rewriteApplyCardinalDecadeFirstDigit.fst,spaceApplyRemoveBefore.fst,rewriteApplyDefault.fst		
11	RewriteCardinalDecadeFirstDigit_Default_Default_SpaceInsertBefore_Default_Default	rewriteApplyCardinalDecadeFirstDigit.fst,spaceApplyDefault.fst,rewriteApplyDefault.fst		
12	RewriteMajorCurrency_Default_Default_SpaceInsertBefore_Default_MarkEndMajorCurrency	rewriteApplyMajorCurrency.fst,spaceApplyDefault.fst,rewriteApplyDefault.fst		MajorCurrency
13	RewriteCardinalTwoDigit_Default_Default_SpaceInsertBefore_Default_Default	rewriteApplyCardinalTwoDigit.fst,spaceApplyDefault.fst,rewriteApplyDefault.fst		
14	RewriteCardinalTwoDigit_Default_Default_Default_Default_Default	rewriteApplyCardinalTwoDigit.fst,spaceApplyRemoveBefore.fst,rewriteApplyDefault.fst		
15	RewriteMathOperation_Default_Default_Default_Default_Default	rewriteApplyMathOperation.fst,spaceApplyRemoveBefore.fst,rewriteApplyDefault.fst		
16	RewriteCardinalDecade_Default_Default_Default_Default_Default	rewriteApplyCardinalDecade.fst,spaceApplyRemoveBefore.fst,rewriteApplyDefault.fst		
17	RewriteLowercase_Default_Default_Default_Default_Default	rewriteApplyLowercase.fst,spaceApplyRemoveBefore.fst,rewriteApplyDefault.fst		
18	RewriteMinorCurrency_Default_Default_SpaceInsertBefore_Default_MarkEndMajorCurrency	rewriteApplyMinorCurrency.fst,spaceApplyDefault.fst,rewriteApplyDefault.fst		MajorCurrency
19	RewriteCardinalDigit_Default_Default_SpaceInsertBefore_MarkStartMajorCurrency_Default	rewriteApplyCardinalDigit.fst,spaceApplyDefault.fst,rewriteApplyDefault.fst	MajorCurrency	
20	Default_Default_AppendComma_SpaceInsertBefore_Default_Default	appendApplyComma.fst,spaceApplyDefault.fst,rewriteApplyDefault.fst		
21	RewriteAmPm_Default_Default_SpaceInsertBefore_Default_Default	rewriteApplyAmPm.fst,spaceApplyDefault.fst,rewriteApplyDefault.fst		
22	RewriteAbbreviateStreetType_Default_Default_SpaceInsertBefore_Default_Default	rewriteApplyAbbreviateStreetType.fst,spaceApplyDefault.fst,rewriteApplyDefault.fst		
23	RewriteCardinalDecade_Default_Default_SpaceInsertBefore_Default_Default	rewriteApplyCardinalDecade.fst,spaceApplyDefault.fst,rewriteApplyDefault.fst		
24	RewriteAbbreviateState_Default_Default_SpaceInsertBefore_Default_Default	rewriteApplyAbbreviateState.fst,spaceApplyDefault.fst,rewriteApplyDefault.fst		
25	RewriteCardinalDigit_Default_AppendHyphen_Default_Default_Default	rewriteApplyCardinalDigit.fst,appendApplyHyphen.fst,spaceApplyRemoveBefore.fst,rewriteApplyDefault.fst		
26	RewriteCardinalTwoDigit_Default_AppendColon_SpaceInsertBefore_Default_Default	rewriteApplyCardinalTwoDigit.fst,appendApplyColon.fst,spaceApplyDefault.fst,rewriteApplyDefault.fst		
27	RewriteAbbreviateMeasure_Default_Default_Default_Default_Default	rewriteApplyAbbreviateMeasure.fst,spaceApplyRemoveBefore.fst,rewriteApplyDefault.fst		
28	RewriteCardinalDigit_Default_AppendColon_SpaceInsertBefore_Default_Default	rewriteApplyCardinalDigit.fst,appendApplyColon.fst,spaceApplyDefault.fst,rewriteApplyDefault.fst		
29	RewriteCardinalDigit_Default_AppendComma_Default_Default_Default	rewriteApplyCardinalDigit.fst,appendApplyComma.fst,spaceApplyRemoveBefore.fst,rewriteApplyDefault.fst		
30	RewriteLowercase_Default_Default_SpaceInsertBefore_Default_Default	rewriteApplyLowercase.fst,spaceApplyDefault.fst,rewriteApplyDefault.fst		
31	RewriteCardinalTwoDigit_Default_Default_SpaceInsertBefore_MarkStartMajorCurrency_Default	rewriteApplyCardinalTwoDigit.fst,spaceApplyDefault.fst,rewriteApplyDefault.fst	MajorCurrency	
32	RewriteCardinalMagnitude2s_Default_Default_Default_Default_Default	rewriteApplyCardinalMagnitude2s.fst,spaceApplyRemoveBefore.fst,rewriteApplyDefault.fst		
33	RewriteOrdinalAsCardinal_Default_Default_SpaceInsertBefore_Default_Default	rewriteApplyOrdinalAsCardinal.fst,spaceApplyDefault.fst,rewriteApplyDefault.fst		
34	RewriteDenominator_Default_Default_Default_Default_Default	rewriteApplyDenominator.fst,spaceApplyRemoveBefore.fst,rewriteApplyDefault.fst		
35	RewriteCardinalDecadeFirstDigit_PrependPoint_Default_Default_Default_Default	rewriteApplyCardinalDecadeFirstDigit.fst,prependApplyPoint.fst,spaceApplyRemoveBefore.fst,rewriteApplyDefault.fst		
36	RewriteEmailWeb_Default_Default_Default_Default_Default	rewriteApplyEmailWeb.fst,spaceApplyRemoveBefore.fst,rewriteApplyDefault.fst		
37	RewriteCardinalDigit_Default_AppendSlash_SpaceInsertBefore_Default_Default	rewriteApplyCardinalDigit.fst,appendApplySlash.fst,spaceApplyDefault.fst,rewriteApplyDefault.fst		
38	RewriteAbbreviateDirection_Default_Default_SpaceInsertBefore_Default_Default	rewriteApplyAbbreviateDirection.fst,spaceApplyDefault.fst,rewriteApplyDefault.fst		
39	RewriteOrdinalAsCardinal_Default_Default_Default_Default_Default	rewriteApplyOrdinalAsCardinal.fst,spaceApplyRemoveBefore.fst,rewriteApplyDefault.fst		
40	RewriteAbbreviateStreetType_Default_AppendComma_SpaceInsertBefore_Default_Default	rewriteApplyAbbreviateStreetType.fst,appendApplyComma.fst,spaceApplyDefault.fst,rewriteApplyDefault.fst		
41	RewriteAbbreviateMeasure_Default_Default_SpaceInsertBefore_Default_Default	rewriteApplyAbbreviateMeasure.fst,spaceApplyDefault.fst,rewriteApplyDefault.fst		
42	RewriteCardinalTwoDigit_Default_AppendComma_SpaceInsertBefore_Default_Default	rewriteApplyCardinalTwoDigit.fst,appendApplyComma.fst,spaceApplyDefault.fst,rewriteApplyDefault.fst		
43	RewriteOrdinal_Default_Default_Default_Default_Default	rewriteApplyOrdinal.fst,spaceApplyRemoveBefore.fst,rewriteApplyDefault.fst		
44	RewriteMathOperation_Default_Default_SpaceInsertBefore_Default_Default	rewriteApplyMathOperation.fst,spaceApplyDefault.fst,rewriteApplyDefault.fst		
45	RewriteTimeOclock_Default_Default_Default_Default_Default	rewriteApplyTimeOclock.fst,spaceApplyRemoveBefore.fst,rewriteApplyDefault.fst		
46	RewriteCardinalMagnitude1s_Default_Default_Default_Default_Default	rewriteApplyCardinalMagnitude1s.fst,spaceApplyRemoveBefore.fst,rewriteApplyDefault.fst		
47	RewriteCardinalDecadeFirstDigit_Default_Default_SpaceInsertBefore_MarkStartMajorCurrency_Default	rewriteApplyCardinalDecadeFirstDigit.fst,spaceApplyDefault.fst,rewriteApplyDefault.fst	MajorCurrency	
48	RewriteMathBy_Default_Default_SpaceInsertBefore_Default_Default	rewriteApplyMathBy.fst,spaceApplyDefault.fst,rewriteApplyDefault.fst		
49	RewriteAbbreviateDirection_Default_AppendComma_SpaceInsertBefore_Default_Default	rewriteApplyAbbreviateDirection.fst,appendApplyComma.fst,spaceApplyDefault.fst,rewriteApplyDefault.fst		
50	RewriteEmail_Default_Default_SpaceInsertBefore_Default_Default	rewriteApplyEmail.fst,spaceApplyDefault.fst,rewriteApplyDefault.fst		
51	RewriteMathNegative_Default_Default_SpaceInsertBefore_Default_Default	rewriteApplyMathNegative.fst,spaceApplyDefault.fst,rewriteApplyDefault.fst		
52	RewriteCapitalize_Default_Default_Default_Default_Default	rewriteApplyCapitalize.fst,spaceApplyRemoveBefore.fst,rewriteApplyDefault.fst		
53	RewriteOrdinal_Default_Default_SpaceInsertBefore_Default_Default	rewriteApplyOrdinal.fst,spaceApplyDefault.fst,rewriteApplyDefault.fst		
54	RewriteOrdinalAsCardinal_Default_AppendComma_SpaceInsertBefore_Default_Default	rewriteApplyOrdinalAsCardinal.fst,appendApplyComma.fst,spaceApplyDefault.fst,rewriteApplyDefault.fst		
55	RewriteCardinalHundred2s_Default_Default_SpaceInsertBefore_Default_Default	rewriteApplyCardinalHundred2s.fst,spaceApplyDefault.fst,rewriteApplyDefault.fst		
56	RewriteCardinalDecade_Default_Default_SpaceInsertBefore_MarkStartMajorCurrency_Default	rewriteApplyCardinalDecade.fst,spaceApplyDefault.fst,rewriteApplyDefault.fst	MajorCurrency	
57	RewriteCardinalDigit_Default_AppendSlash_Default_Default_Default	rewriteApplyCardinalDigit.fst,appendApplySlash.fst,spaceApplyRemoveBefore.fst,rewriteApplyDefault.fst		
58	RewriteMathOver_Default_Default_Default_Default_Default	rewriteApplyMathOver.fst,spaceApplyRemoveBefore.fst,rewriteApplyDefault.fst		
59	RewriteFeetInches_Default_Default_Default_Default_Default	rewriteApplyFeetInches.fst,spaceApplyRemoveBefore.fst,rewriteApplyDefault.fst		
60	RewriteCardinalDigit_Default_AppendComma_SpaceInsertBefore_Default_Default	rewriteApplyCardinalDigit.fst,appendApplyComma.fst,spaceApplyDefault.fst,rewriteApplyDefault.fst		
61	RewriteSpellCorrection_Default_Default_Default_Default_Default	rewriteApplySpellCorrection.fst,spaceApplyRemoveBefore.fst,rewriteApplyDefault.fst		
62	RewriteOrdinalDecade_Default_Default_SpaceInsertBefore_Default_Default	rewriteApplyOrdinalDecade.fst,spaceApplyDefault.fst,rewriteApplyDefault.fst		
63	RewriteCardinalMagnitude0s_Default_AppendComma_Default_Default_Default	rewriteApplyCardinalMagnitude0s.fst,appendApplyComma.fst,spaceApplyRemoveBefore.fst,rewriteApplyDefault.fst		
64	RewriteCardinalDecade_Default_AppendComma_Default_Default_Default	rewriteApplyCardinalDecade.fst,appendApplyComma.fst,spaceApplyRemoveBefore.fst,rewriteApplyDefault.fst		
65	RewriteAbbreviateTitle_Default_Default_SpaceInsertBefore_Default_Default	rewriteApplyAbbreviateTitle.fst,spaceApplyDefault.fst,rewriteApplyDefault.fst		
66	RewriteCardinalDecade_Default_AppendComma_SpaceInsertBefore_Default_Default	rewriteApplyCardinalDecade.fst,appendApplyComma.fst,spaceApplyDefault.fst,rewriteApplyDefault.fst		
67	RewriteCardinalTwoDigit_Default_AppendComma_SpaceInsertBefore_MarkStartMajorCurrency_Default	rewriteApplyCardinalTwoDigit.fst,appendApplyComma.fst,spaceApplyDefault.fst,rewriteApplyDefault.fst	MajorCurrency	
68	RewriteCardinalDigit_Default_AppendHyphen_SpaceInsertBefore_Default_Default	rewriteApplyCardinalDigit.fst,appendApplyHyphen.fst,spaceApplyDefault.fst,rewriteApplyDefault.fst		
69	RewriteCardinalDecadeFirstDigit_PrependPoint_Default_SpaceInsertBefore_MarkStartMajorCurrency_Default	rewriteApplyCardinalDecadeFirstDigit.fst,prependApplyPoint.fst,spaceApplyDefault.fst,rewriteApplyDefault.fst	MajorCurrency	
70	RewriteEtc_Default_Default_SpaceInsertBefore_Default_Default	rewriteApplyEtc.fst,spaceApplyDefault.fst,rewriteApplyDefault.fst		
71	RewriteAbbreviateTemperatureUnit_Default_Default_Default_Default_Default	rewriteApplyAbbreviateTemperatureUnit.fst,spaceApplyRemoveBefore.fst,rewriteApplyDefault.fst		
72	RewriteCapitalize_Default_AppendComma_SpaceInsertBefore_Default_Default	rewriteApplyCapitalize.fst,appendApplyComma.fst,spaceApplyDefault.fst,rewriteApplyDefault.fst		
73	RewriteOrdinalAsCardinal_Default_AppendComma_Default_Default_Default	rewriteApplyOrdinalAsCardinal.fst,appendApplyComma.fst,spaceApplyRemoveBefore.fst,rewriteApplyDefault.fst		
74	RewriteEmailCap_Default_Default_SpaceInsertBefore_Default_Default	rewriteApplyEmailCap.fst,spaceApplyDefault.fst,rewriteApplyDefault.fst		
75	RewritePluralCardinalDecade_Default_Default_SpaceInsertBefore_Default_Default	rewriteApplyPluralCardinalDecade.fst,spaceApplyDefault.fst,rewriteApplyDefault.fst		
76	RewriteCardinalDecade_PrependPoint_Default_Default_Default_Default	rewriteApplyCardinalDecade.fst,prependApplyPoint.fst,spaceApplyRemoveBefore.fst,rewriteApplyDefault.fst		
77	RewritePluralCardinalDecade_Default_Default_Default_Default_Default	rewriteApplyPluralCardinalDecade.fst,spaceApplyRemoveBefore.fst,rewriteApplyDefault.fst		
78	Default_PrependPoint_Default_Default_Default_Default	prependApplyPoint.fst,spaceApplyRemoveBefore.fst,rewriteApplyDefault.fst		
79	RewritePointToDot_Default_Default_Default_Default_Default	rewriteApplyPointToDot.fst,spaceApplyRemoveBefore.fst,rewriteApplyDefault.fst		
80	RewriteCardinalDigit_Default_Default_SpaceInsertBefore_Default_MarkEndTime	rewriteApplyCardinalDigit.fst,spaceApplyDefault.fst,rewriteApplyDefault.fst		Time
81	RewriteCardinalMagnitude0s_Default_AppendHyphen_Default_Default_Default	rewriteApplyCardinalMagnitude0s.fst,appendApplyHyphen.fst,spaceApplyRemoveBefore.fst,rewriteApplyDefault.fst		
82	RewriteDotToDot_Default_Default_Default_Default_Default	rewriteApplyDotToDot.fst,spaceApplyRemoveBefore.fst,rewriteApplyDefault.fst		
83	RewriteCardinalDecade_Default_AppendComma_SpaceInsertBefore_MarkStartMajorCurrency_Default	rewriteApplyCardinalDecade.fst,appendApplyComma.fst,spaceApplyDefault.fst,rewriteApplyDefault.fst	MajorCurrency	
84	RewriteAbbreviateMeasure_Default_AppendSquare_SpaceInsertBefore_Default_Default	rewriteApplyAbbreviateMeasure.fst,appendApplySquare.fst,spaceApplyDefault.fst,rewriteApplyDefault.fst		
85	Default_Default_Default_SpaceInsertBefore_MarkStartTime_Default	spaceApplyDefault.fst,rewriteApplyDefault.fst	Time	
86	RewriteMajorCurrency_Default_Default_SpaceInsertBefore_Default_MarkEndCurrencyRange	rewriteApplyMajorCurrency.fst,spaceApplyDefault.fst,rewriteApplyDefault.fst		CurrencyRange
87	RewriteCardinalTwoDigit_Default_AppendComma_Default_Default_Default	rewriteApplyCardinalTwoDigit.fst,appendApplyComma.fst,spaceApplyRemoveBefore.fst,rewriteApplyDefault.fst		
88	RewriteCardinalHundred1s_Default_Default_SpaceInsertBefore_Default_Default	rewriteApplyCardinalHundred1s.fst,spaceApplyDefault.fst,rewriteApplyDefault.fst		
89	RewriteCardinalHundred2s_Default_Default_SpaceInsertBefore_MarkStartMajorCurrency_Default	rewriteApplyCardinalHundred2s.fst,spaceApplyDefault.fst,rewriteApplyDefault.fst	MajorCurrency	
90	RewriteDotToPoint_Default_Default_SpaceInsertBefore_Default_Default	rewriteApplyDotToPoint.fst,spaceApplyDefault.fst,rewriteApplyDefault.fst		
91	RewriteCardinalDigit_PrependPointZero_Default_Default_Default_Default	rewriteApplyCardinalDigit.fst,prependApplyPointZero.fst,spaceApplyRemoveBefore.fst,rewriteApplyDefault.fst		
92	RewriteCardinalDecade_PrependPoint_Default_SpaceInsertBefore_MarkStartMajorCurrency_Default	rewriteApplyCardinalDecade.fst,prependApplyPoint.fst,spaceApplyDefault.fst,rewriteApplyDefault.fst	MajorCurrency	
93	RewriteOrdinalDecade_Default_Default_Default_Default_Default	rewriteApplyOrdinalDecade.fst,spaceApplyRemoveBefore.fst,rewriteApplyDefault.fst		
94	RewriteLowercase_PrependPoint_Default_Default_Default_Default	rewriteApplyLowercase.fst,prependApplyPoint.fst,spaceApplyRemoveBefore.fst,rewriteApplyDefault.fst		
95	RewritePluralCardinalMagnitude_Default_Default_Default_Default_Default	rewriteApplyPluralCardinalMagnitude.fst,spaceApplyRemoveBefore.fst,rewriteApplyDefault.fst		
96	RewriteCardinalTwoDigit_PrependPoint_Default_Default_Default_Default	rewriteApplyCardinalTwoDigit.fst,prependApplyPoint.fst,spaceApplyRemoveBefore.fst,rewriteApplyDefault.fst		
97	RewriteCardinalTwoDigit_Default_AppendSlash_SpaceInsertBefore_Default_Default	rewriteApplyCardinalTwoDigit.fst,appendApplySlash.fst,spaceApplyDefault.fst,rewriteApplyDefault.fst		
98	RewriteCardinalDigit_Default_Default_SpaceInsertBefore_MarkStartCurrencyRange_Default	rewriteApplyCardinalDigit.fst,spaceApplyDefault.fst,rewriteApplyDefault.fst	CurrencyRange	
99	RewritePer_Default_Default_Default_Default_Default	rewriteApplyPer.fst,spaceApplyRemoveBefore.fst,rewriteApplyDefault.fst		
100	RewriteMathNegative_Default_Default_Default_Default_Default	rewriteApplyMathNegative.fst,spaceApplyRemoveBefore.fst,rewriteApplyDefault.fst		
101	RewriteRemoveSpaceAndLowercase_Default_Default_SpaceInsertBefore_Default_Default	rewriteApplyRemoveSpaceAndLowercase.fst,spaceApplyDefault.fst,rewriteApplyDefault.fst		
102	Default_Default_Default_SpaceInsertBefore_Default_MarkEndTripleL	spaceApplyDefault.fst,rewriteApplyDefault.fst		TripleL
103	RewriteCardinalMagnitude2s_Default_AppendComma_Default_Default_Default	rewriteApplyCardinalMagnitude2s.fst,appendApplyComma.fst,spaceApplyRemoveBefore.fst,rewriteApplyDefault.fst		
104	RewriteLowercase_Default_AppendHttps_SpaceInsertBefore_Default_Default	rewriteApplyLowercase.fst,appendApplyHttps.fst,spaceApplyDefault.fst,rewriteApplyDefault.fst		
105	RewriteCardinalDigit_Default_AppendColon_Default_Default_Default	rewriteApplyCardinalDigit.fst,appendApplyColon.fst,spaceApplyRemoveBefore.fst,rewriteApplyDefault.fst		
106	RewriteSpellCorrection_Default_Default_SpaceInsertBefore_Default_Default	rewriteApplySpellCorrection.fst,spaceApplyDefault.fst,rewriteApplyDefault.fst		
107	RewriteEtcCap_Default_Default_SpaceInsertBefore_Default_Default	rewriteApplyEtcCap.fst,spaceApplyDefault.fst,rewriteApplyDefault.fst		
108	RewriteCardinalDigit_Default_Default_Default_MarkStartMajorCurrency_Default	rewriteApplyCardinalDigit.fst,spaceApplyRemoveBefore.fst,rewriteApplyDefault.fst	MajorCurrency	
109	Default_Default_AppendHttps_SpaceInsertBefore_Default_Default	appendApplyHttps.fst,spaceApplyDefault.fst,rewriteApplyDefault.fst		
110	RewriteCardinalTwoDigit_PrependPoint_Default_SpaceInsertBefore_MarkStartMajorCurrency_Default	rewriteApplyCardinalTwoDigit.fst,prependApplyPoint.fst,spaceApplyDefault.fst,rewriteApplyDefault.fst	MajorCurrency	
111	RewriteRadioAlphabet_Default_Default_SpaceInsertBefore_Default_Default	rewriteApplyRadioAlphabet.fst,spaceApplyDefault.fst,rewriteApplyDefault.fst		
112	RewriteAbbreviateMeasure_Default_AppendCube_SpaceInsertBefore_Default_Default	rewriteApplyAbbreviateMeasure.fst,appendApplyCube.fst,spaceApplyDefault.fst,rewriteApplyDefault.fst		
113	RewriteCardinalDigit_PrependNumberSign_Default_SpaceInsertBefore_Default_Default	rewriteApplyCardinalDigit.fst,prependApplyNumberSign.fst,spaceApplyDefault.fst,rewriteApplyDefault.fst		
114	RewriteCardinalTwoDigit_Default_Default_SpaceInsertBefore_Default_MarkEndTime	rewriteApplyCardinalTwoDigit.fst,spaceApplyDefault.fst,rewriteApplyDefault.fst		Time
115	RewriteCardinalTwoDigit_Default_Default_SpaceInsertBefore_MarkStartTime_Default	rewriteApplyCardinalTwoDigit.fst,spaceApplyDefault.fst,rewriteApplyDefault.fst	Time	
116	RewriteRemoveSpaceAndLowercase_Default_Default_Default_Default_Default	rewriteApplyRemoveSpaceAndLowercase.fst,spaceApplyRemoveBefore.fst,rewriteApplyDefault.fst		
117	RewriteLowercase_Default_AppendHttps_Default_Default_Default	rewriteApplyLowercase.fst,appendApplyHttps.fst,spaceApplyRemoveBefore.fst,rewriteApplyDefault.fst		
118	RewriteDecimalMagnitude2s_Default_AppendComma_Default_Default_Default	rewriteApplyDecimalMagnitude2s.fst,appendApplyComma.fst,spaceApplyRemoveBefore.fst,rewriteApplyDefault.fst		
119	RewriteCardinalDecade_Default_Default_SpaceInsertBefore_MarkStartCurrencyRange_Default	rewriteApplyCardinalDecade.fst,spaceApplyDefault.fst,rewriteApplyDefault.fst	CurrencyRange	
120	RewriteCardinalTwoDigit_Default_Default_SpaceInsertBefore_MarkStartCurrencyRange_Default	rewriteApplyCardinalTwoDigit.fst,spaceApplyDefault.fst,rewriteApplyDefault.fst	CurrencyRange	
121	Default_Default_Default_SpaceInsertBefore_Default_MarkEndDoubleL	spaceApplyDefault.fst,rewriteApplyDefault.fst		DoubleL
122	Default_Default_Default_Default_MarkStartTripleL_Default	spaceApplyRemoveBefore.fst,rewriteApplyDefault.fst	TripleL	
123	Default_Default_Default_SpaceInsertBefore_MarkStartTripleL_Default	spaceApplyDefault.fst,rewriteApplyDefault.fst	TripleL	
124	RewriteCardinalDigit_Default_Default_SpaceInsertBefore_Default_MarkEndDouble	rewriteApplyCardinalDigit.fst,spaceApplyDefault.fst,rewriteApplyDefault.fst		Double
125	RewriteCardinalDecadeFirstDigit_Default_Default_SpaceInsertBefore_MarkStartCurrencyRange_Default	rewriteApplyCardinalDecadeFirstDigit.fst,spaceApplyDefault.fst,rewriteApplyDefault.fst	CurrencyRange	
126	RewriteDenominatorDecade_Default_Default_Default_Default_Default	rewriteApplyDenominatorDecade.fst,spaceApplyRemoveBefore.fst,rewriteApplyDefault.fst		
127	RewritePointToDot_Default_Default_SpaceInsertBefore_Default_Default	rewriteApplyPointToDot.fst,spaceApplyDefault.fst,rewriteApplyDefault.fst		
128	RewriteCardinalHundred2s_Default_Default_Default_Default_Default	rewriteApplyCardinalHundred2s.fst,spaceApplyRemoveBefore.fst,rewriteApplyDefault.fst		
129	RewritePluralCardinal_Default_Default_SpaceInsertBefore_Default_Default	rewriteApplyPluralCardinal.fst,spaceApplyDefault.fst,rewriteApplyDefault.fst		
130	RewriteCardinalDecade_Default_AppendSlash_SpaceInsertBefore_Default_Default	rewriteApplyCardinalDecade.fst,appendApplySlash.fst,spaceApplyDefault.fst,rewriteApplyDefault.fst		
131	RewriteCardinalDigit_Default_Default_SpaceInsertBefore_MarkStartTime_Default	rewriteApplyCardinalDigit.fst,spaceApplyDefault.fst,rewriteApplyDefault.fst	Time	
132	Default_Default_Default_SpaceInsertBefore_MarkStartDouble_Default	spaceApplyDefault.fst,rewriteApplyDefault.fst	Double	
133	RewriteRadioAlphabetUpper_Default_Default_SpaceInsertBefore_Default_Default	rewriteApplyRadioAlphabetUpper.fst,spaceApplyDefault.fst,rewriteApplyDefault.fst		
134	RewritePluralCardinal_Default_Default_Default_Default_Default	rewriteApplyPluralCardinal.fst,spaceApplyRemoveBefore.fst,rewriteApplyDefault.fst		
135	RewriteCardinalHundred1s_Default_Default_Default_Default_Default	rewriteApplyCardinalHundred1s.fst,spaceApplyRemoveBefore.fst,rewriteApplyDefault.fst		
136	RewriteCardinalDigit_Default_Default_SpaceInsertBefore_MarkStartArabicToRoman_Default	rewriteApplyCardinalDigit.fst,spaceApplyDefault.fst,rewriteApplyDefault.fst	ArabicToRoman	
137	RewriteOrdinalAsCardinal_Default_AppendHyphen_SpaceInsertBefore_Default_Default	rewriteApplyOrdinalAsCardinal.fst,appendApplyHyphen.fst,spaceApplyDefault.fst,rewriteApplyDefault.fst		
138	RewriteAbbreviateMusic_Default_Default_SpaceInsertBefore_Default_Default	rewriteApplyAbbreviateMusic.fst,spaceApplyDefault.fst,rewriteApplyDefault.fst		
139	RewriteMathTo_Default_Default_Default_Default_Default	rewriteApplyMathTo.fst,spaceApplyRemoveBefore.fst,rewriteApplyDefault.fst		
140	RewriteCardinalDecadeFirstDigit_Default_Default_Default_MarkStartMajorCurrency_Default	rewriteApplyCardinalDecadeFirstDigit.fst,spaceApplyRemoveBefore.fst,rewriteApplyDefault.fst	MajorCurrency	
141	RewriteCardinalDigit_Default_Default_Default_Default_MarkEndArabicToRoman	rewriteApplyCardinalDigit.fst,spaceApplyRemoveBefore.fst,rewriteApplyDefault.fst		ArabicToRoman
142	RewriteCardinalMagnitude4s_Default_Default_Default_Default_Default	rewriteApplyCardinalMagnitude4s.fst,spaceApplyRemoveBefore.fst,rewriteApplyDefault.fst		
143	RewriteCardinalDigit_Default_AppendComma_SpaceInsertBefore_MarkStartMajorCurrency_Default	rewriteApplyCardinalDigit.fst,appendApplyComma.fst,spaceApplyDefault.fst,rewriteApplyDefault.fst	MajorCurrency	
144	Default_Default_Default_Default_MarkStartDouble_Default	spaceApplyRemoveBefore.fst,rewriteApplyDefault.fst	Double	
145	Default_Default_Default_SpaceInsertBefore_MarkStartDoubleL_Default	spaceApplyDefault.fst,rewriteApplyDefault.fst	DoubleL	
146	Default_Default_Default_Default_MarkStartDoubleL_Default	spaceApplyRemoveBefore.fst,rewriteApplyDefault.fst	DoubleL	
147	RewriteCardinalMagnitude5s_Default_Default_Default_Default_Default	rewriteApplyCardinalMagnitude5s.fst,spaceApplyRemoveBefore.fst,rewriteApplyDefault.fst		
148	RewriteDash_Default_Default_Default_Default_Default	rewriteApplyDash.fst,spaceApplyRemoveBefore.fst,rewriteApplyDefault.fst		
149	RewriteRadioAlphabetLower_Default_Default_SpaceInsertBefore_Default_Default	rewriteApplyRadioAlphabetLower.fst,spaceApplyDefault.fst,rewriteApplyDefault.fst		
150	Default_Default_Default_Default_MarkStartTriple_Default	spaceApplyRemoveBefore.fst,rewriteApplyDefault.fst	Triple	
151	RewriteDenominatorMagnitude_Default_Default_Default_Default_Default	rewriteApplyDenominatorMagnitude.fst,spaceApplyRemoveBefore.fst,rewriteApplyDefault.fst		
152	RewriteMajorCurrency_Default_Default_SpaceInsertBefore_Default_Default	rewriteApplyMajorCurrency.fst,spaceApplyDefault.fst,rewriteApplyDefault.fst		
153	Default_Default_Default_SpaceInsertBefore_Default_MarkEndTriple	spaceApplyDefault.fst,rewriteApplyDefault.fst		Triple
154	RewriteOrdinalMagnitude_Default_Default_Default_Default_Default	rewriteApplyOrdinalMagnitude.fst,spaceApplyRemoveBefore.fst,rewriteApplyDefault.fst		
155	RewriteCardinalTwoDigit_Default_AppendSlash_Default_Default_Default	rewriteApplyCardinalTwoDigit.fst,appendApplySlash.fst,spaceApplyRemoveBefore.fst,rewriteApplyDefault.fst		
156	RewriteEmail_Default_Default_Default_Default_Default	rewriteApplyEmail.fst,spaceApplyRemoveBefore.fst,rewriteApplyDefault.fst		
157	RewriteCardinalTwoDigit_Default_Default_Default_MarkStartMajorCurrency_Default	rewriteApplyCardinalTwoDigit.fst,spaceApplyRemoveBefore.fst,rewriteApplyDefault.fst	MajorCurrency	
158	RewriteCardinalDigit_Default_Default_SpaceInsertBefore_Default_MarkEndTriple	rewriteApplyCardinalDigit.fst,spaceApplyDefault.fst,rewriteApplyDefault.fst		Triple
159	RewriteDecimalMagnitude1s_Default_Default_Default_Default_Default	rewriteApplyDecimalMagnitude1s.fst,spaceApplyRemoveBefore.fst,rewriteApplyDefault.fst		
160	RewriteDecimalMagnitude0s_Default_Default_Default_Default_Default	rewriteApplyDecimalMagnitude0s.fst,spaceApplyRemoveBefore.fst,rewriteApplyDefault.fst		
161	Default_Default_Default_SpaceInsertBefore_MarkStartTriple_Default	spaceApplyDefault.fst,rewriteApplyDefault.fst	Triple	
162	RewriteCardinalDecade_Default_Default_SpaceInsertBefore_MarkStartTime_Default	rewriteApplyCardinalDecade.fst,spaceApplyDefault.fst,rewriteApplyDefault.fst	Time	
163	Default_Default_Default_SpaceInsertBefore_Default_MarkEndDouble	spaceApplyDefault.fst,rewriteApplyDefault.fst		Double
164	RewriteCardinalHundred1s_Default_Default_SpaceInsertBefore_MarkStartMajorCurrency_Default	rewriteApplyCardinalHundred1s.fst,spaceApplyDefault.fst,rewriteApplyDefault.fst	MajorCurrency	
165	RewriteLowercase_Default_AppendColon_SpaceInsertBefore_Default_Default	rewriteApplyLowercase.fst,appendApplyColon.fst,spaceApplyDefault.fst,rewriteApplyDefault.fst		
166	RewriteCardinalDigit_Default_Default_SpaceInsertBefore_MarkStartArabicToRoman_MarkEndArabicToRoman	rewriteApplyCardinalDigit.fst,spaceApplyDefault.fst,rewriteApplyDefault.fst	ArabicToRoman	ArabicToRoman
167	RewriteCardinalTwoDigit_Default_AppendHyphen_SpaceInsertBefore_Default_Default	rewriteApplyCardinalTwoDigit.fst,appendApplyHyphen.fst,spaceApplyDefault.fst,rewriteApplyDefault.fst		
168	RewriteLowercase_Default_AppendColon_Default_Default_Default	rewriteApplyLowercase.fst,appendApplyColon.fst,spaceApplyRemoveBefore.fst,rewriteApplyDefault.fst		
169	RewriteCardinalDigit_PrependZero_Default_Default_Default_Default	rewriteApplyCardinalDigit.fst,prependApplyZero.fst,spaceApplyRemoveBefore.fst,rewriteApplyDefault.fst		
170	RewriteCardinalMagnitude5s_Default_AppendComma_Default_Default_Default	rewriteApplyCardinalMagnitude5s.fst,appendApplyComma.fst,spaceApplyRemoveBefore.fst,rewriteApplyDefault.fst		
171	RewriteCardinalMagnitude6s_Default_AppendComma_Default_Default_Default	rewriteApplyCardinalMagnitude6s.fst,appendApplyComma.fst,spaceApplyRemoveBefore.fst,rewriteApplyDefault.fst		
172	RewriteCardinalDecade_Default_Default_Default_MarkStartMajorCurrency_Default	rewriteApplyCardinalDecade.fst,spaceApplyRemoveBefore.fst,rewriteApplyDefault.fst	MajorCurrency	
173	RewriteCardinalDecadeFirstDigit_PrependNumberSign_Default_SpaceInsertBefore_Default_Default	rewriteApplyCardinalDecadeFirstDigit.fst,prependApplyNumberSign.fst,spaceApplyDefault.fst,rewriteApplyDefault.fst		
174	RewriteRemoveSpaceAndUppercase_Default_Default_Default_Default_Default	rewriteApplyRemoveSpaceAndUppercase.fst,spaceApplyRemoveBefore.fst,rewriteApplyDefault.fst		
175	RewriteAbbreviateTitle_Default_Default_Default_Default_Default	rewriteApplyAbbreviateTitle.fst,spaceApplyRemoveBefore.fst,rewriteApplyDefault.fst		
176	RewriteOrdinalAsCardinal_Default_AppendHyphen_Default_Default_Default	rewriteApplyOrdinalAsCardinal.fst,appendApplyHyphen.fst,spaceApplyRemoveBefore.fst,rewriteApplyDefault.fst		
177	RewriteRemoveSpaceAndLowercase_PrependPoint_Default_Default_Default_Default	rewriteApplyRemoveSpaceAndLowercase.fst,prependApplyPoint.fst,spaceApplyRemoveBefore.fst,rewriteApplyDefault.fst		
178	Default_Default_AppendSlash_Default_Default_Default	appendApplySlash.fst,spaceApplyRemoveBefore.fst,rewriteApplyDefault.fst		
179	RewriteMinorCurrency_Default_Default_SpaceInsertBefore_Default_Default	rewriteApplyMinorCurrency.fst,spaceApplyDefault.fst,rewriteApplyDefault.fst		
180	RewriteCardinalDigit_PrependNumberSign_AppendComma_SpaceInsertBefore_Default_Default	rewriteApplyCardinalDigit.fst,prependApplyNumberSign.fst,appendApplyComma.fst,spaceApplyDefault.fst,rewriteApplyDefault.fst		
181	Default_Default_Default_SpaceInsertBefore_Default_MarkEndMajorCurrency	spaceApplyDefault.fst,rewriteApplyDefault.fst		MajorCurrency
182	Default_PrependTwenty_Default_Default_Default_Default	prependApplyTwenty.fst,spaceApplyRemoveBefore.fst,rewriteApplyDefault.fst		
183	RewriteDecimalMagnitude2s_Default_Default_Default_Default_Default	rewriteApplyDecimalMagnitude2s.fst,spaceApplyRemoveBefore.fst,rewriteApplyDefault.fst		
184	RewriteRemoveDotAndLowercase_Default_Default_Default_Default_Default	rewriteApplyRemoveDotAndLowercase.fst,spaceApplyRemoveBefore.fst,rewriteApplyDefault.fst		
185	RewriteCardinalDecade_Default_AppendSlash_Default_Default_Default	rewriteApplyCardinalDecade.fst,appendApplySlash.fst,spaceApplyRemoveBefore.fst,rewriteApplyDefault.fst		
186	RewriteCardinalTwoDigit_PrependNumberSign_Default_SpaceInsertBefore_Default_Default	rewriteApplyCardinalTwoDigit.fst,prependApplyNumberSign.fst,spaceApplyDefault.fst,rewriteApplyDefault.fst		
187	RewriteRemoveApostropheAndSpaceAndLowercase_Default_Default_Default_Default_Default	rewriteApplyRemoveApostropheAndSpaceAndLowercase.fst,spaceApplyRemoveBefore.fst,rewriteApplyDefault.fst		
188	RewriteAbbreviateMeasure_Default_AppendCube_Default_Default_Default	rewriteApplyAbbreviateMeasure.fst,appendApplyCube.fst,spaceApplyRemoveBefore.fst,rewriteApplyDefault.fst		
189	RewriteCardinalDecadeFirstDigit_Default_AppendComma_SpaceInsertBefore_Default_Default	rewriteApplyCardinalDecadeFirstDigit.fst,appendApplyComma.fst,spaceApplyDefault.fst,rewriteApplyDefault.fst		
190	RewriteCardinalTwoDigit_Default_AppendColon_Default_Default_Default	rewriteApplyCardinalTwoDigit.fst,appendApplyColon.fst,spaceApplyRemoveBefore.fst,rewriteApplyDefault.fst		
191	RewriteCardinalDecadeFirstDigit_Default_AppendComma_Default_Default_Default	rewriteApplyCardinalDecadeFirstDigit.fst,appendApplyComma.fst,spaceApplyRemoveBefore.fst,rewriteApplyDefault.fst		
192	RewriteCardinalMagnitude0s_Default_AppendSlash_Default_Default_Default	rewriteApplyCardinalMagnitude0s.fst,appendApplySlash.fst,spaceApplyRemoveBefore.fst,rewriteApplyDefault.fst		
193	RewriteCardinalTwoDigit_PrependTwenty_Default_SpaceInsertBefore_Default_Default	rewriteApplyCardinalTwoDigit.fst,prependApplyTwenty.fst,spaceApplyDefault.fst,rewriteApplyDefault.fst		
194	RewriteAbbreviateMeasureAlt_Default_Default_Default_Default_Default	rewriteApplyAbbreviateMeasureAlt.fst,spaceApplyRemoveBefore.fst,rewriteApplyDefault.fst		
195	RewriteCardinalHundred1s_Default_AppendComma_Default_Default_Default	rewriteApplyCardinalHundred1s.fst,appendApplyComma.fst,spaceApplyRemoveBefore.fst,rewriteApplyDefault.fst		
196	RewriteMiscAbbreviation_Default_Default_SpaceInsertBefore_Default_Default	rewriteApplyMiscAbbreviation.fst,spaceApplyDefault.fst,rewriteApplyDefault.fst		
197	RewriteCardinalMagnitude7s_Default_Default_Default_Default_Default	rewriteApplyCardinalMagnitude7s.fst,spaceApplyRemoveBefore.fst,rewriteApplyDefault.fst		
198	RewriteMinorCurrency_Default_Default_SpaceInsertBefore_Default_MarkEndCurrencyRange	rewriteApplyMinorCurrency.fst,spaceApplyDefault.fst,rewriteApplyDefault.fst		CurrencyRange
199	RewriteRomanOrdinal_Default_Default_SpaceInsertBefore_Default_Default	rewriteApplyRomanOrdinal.fst,spaceApplyDefault.fst,rewriteApplyDefault.fst		
200	RewriteCardinalDigit_PrependZero_AppendColon_SpaceInsertBefore_Default_Default	rewriteApplyCardinalDigit.fst,prependApplyZero.fst,appendApplyColon.fst,spaceApplyDefault.fst,rewriteApplyDefault.fst		
201	RewriteCardinalMagnitude8s_Default_Default_Default_Default_Default	rewriteApplyCardinalMagnitude8s.fst,spaceApplyRemoveBefore.fst,rewriteApplyDefault.fst		
202	RewriteEtc_Default_Default_Default_Default_Default	rewriteApplyEtc.fst,spaceApplyRemoveBefore.fst,rewriteApplyDefault.fst		
203	RewriteCardinalMagnitude8s_Default_AppendComma_Default_Default_Default	rewriteApplyCardinalMagnitude8s.fst,appendApplyComma.fst,spaceApplyRemoveBefore.fst,rewriteApplyDefault.fst		
204	RewriteCardinalTwoDigit_Default_Default_Default_Default_MarkEndArabicToRoman	rewriteApplyCardinalTwoDigit.fst,spaceApplyRemoveBefore.fst,rewriteApplyDefault.fst		ArabicToRoman
205	RewriteCardinalDecadeFirstDigit_PrependNineteen_Default_SpaceInsertBefore_Default_Default	rewriteApplyCardinalDecadeFirstDigit.fst,prependApplyNineteen.fst,spaceApplyDefault.fst,rewriteApplyDefault.fst		
206	RewriteCardinalDecade_Default_Default_Default_Default_MarkEndArabicToRoman	rewriteApplyCardinalDecade.fst,spaceApplyRemoveBefore.fst,rewriteApplyDefault.fst		ArabicToRoman
207	RewriteRemoveApostropheAndSpaceAndLowercase_Default_Default_SpaceInsertBefore_Default_Default	rewriteApplyRemoveApostropheAndSpaceAndLowercase.fst,spaceApplyDefault.fst,rewriteApplyDefault.fst		
208	RewriteCardinalDecadeFirstDigit_Default_Default_SpaceInsertBefore_MarkStartTime_Default	rewriteApplyCardinalDecadeFirstDigit.fst,spaceApplyDefault.fst,rewriteApplyDefault.fst	Time	
209	RewriteCardinalTwoDigit_PrependNumberSign_AppendComma_SpaceInsertBefore_Default_Default	rewriteApplyCardinalTwoDigit.fst,prependApplyNumberSign.fst,appendApplyComma.fst,spaceApplyDefault.fst,rewriteApplyDefault.fst		
210	RewriteAbbreviateMeasure_Default_AppendSquare_Default_Default_Default	rewriteApplyAbbreviateMeasure.fst,appendApplySquare.fst,spaceApplyRemoveBefore.fst,rewriteApplyDefault.fst		
211	RewriteCardinalDigit_PrependPoint_Default_Default_Default_Default	rewriteApplyCardinalDigit.fst,prependApplyPoint.fst,spaceApplyRemoveBefore.fst,rewriteApplyDefault.fst		
212	RewritePointToDot_Default_Default_SpaceInsertBefore_MarkStartMajorCurrency_Default	rewriteApplyPointToDot.fst,spaceApplyDefault.fst,rewriteApplyDefault.fst	MajorCurrency	
213	Default_PrependNineteen_Default_Default_Default_Default	prependApplyNineteen.fst,spaceApplyRemoveBefore.fst,rewriteApplyDefault.fst		
214	RewriteRemoveDot_Default_Default_SpaceInsertBefore_Default_Default	rewriteApplyRemoveDot.fst,spaceApplyDefault.fst,rewriteApplyDefault.fst		
215	RewriteAbbreviateMeasureAlt_Default_Default_SpaceInsertBefore_Default_Default	rewriteApplyAbbreviateMeasureAlt.fst,spaceApplyDefault.fst,rewriteApplyDefault.fst		
216	RewriteDotToCapPoint_Default_Default_SpaceInsertBefore_Default_Default	rewriteApplyDotToCapPoint.fst,spaceApplyDefault.fst,rewriteApplyDefault.fst		
217	Default_Default_Default_SpaceInsertBefore_MarkStartMajorCurrency_Default	spaceApplyDefault.fst,rewriteApplyDefault.fst	MajorCurrency	
218	RewriteCardinalDecadeFirstDigit_PrependPoint_Default_Default_MarkStartMajorCurrency_Default	rewriteApplyCardinalDecadeFirstDigit.fst,prependApplyPoint.fst,spaceApplyRemoveBefore.fst,rewriteApplyDefault.fst	MajorCurrency	
219	RewriteSpellCorrectionL_Default_Default_Default_Default_Default	rewriteApplySpellCorrectionL.fst,spaceApplyRemoveBefore.fst,rewriteApplyDefault.fst		
220	RewriteRemoveApostropheAndSpaceAndLowercase_PrependPoint_Default_Default_Default_Default	rewriteApplyRemoveApostropheAndSpaceAndLowercase.fst,prependApplyPoint.fst,spaceApplyRemoveBefore.fst,rewriteApplyDefault.fst		
221	RewriteCardinalTwoDigit_Default_Default_SpaceInsertBefore_MarkStartArabicToRoman_MarkEndArabicToRoman	rewriteApplyCardinalTwoDigit.fst,spaceApplyDefault.fst,rewriteApplyDefault.fst	ArabicToRoman	ArabicToRoman
222	RewriteCardinalTwoDigit_Default_AppendComma_SpaceInsertBefore_MarkStartCurrencyRange_Default	rewriteApplyCardinalTwoDigit.fst,appendApplyComma.fst,spaceApplyDefault.fst,rewriteApplyDefault.fst	CurrencyRange	
223	RewriteCardinalMagnitude9s_Default_AppendComma_Default_Default_Default	rewriteApplyCardinalMagnitude9s.fst,appendApplyComma.fst,spaceApplyRemoveBefore.fst,rewriteApplyDefault.fst		
224	RewriteCardinalHundred2s_Default_Default_SpaceInsertBefore_MarkStartCurrencyRange_Default	rewriteApplyCardinalHundred2s.fst,spaceApplyDefault.fst,rewriteApplyDefault.fst	CurrencyRange	
225	RewriteCardinalDecade_PrependPoint_Default_SpaceInsertBefore_Default_Default	rewriteApplyCardinalDecade.fst,prependApplyPoint.fst,spaceApplyDefault.fst,rewriteApplyDefault.fst		
226	RewriteDecimalMagnitude1s_Default_AppendComma_Default_Default_Default	rewriteApplyDecimalMagnitude1s.fst,appendApplyComma.fst,spaceApplyRemoveBefore.fst,rewriteApplyDefault.fst		
227	RewriteMathTo_PrependTwenty_Default_Default_Default_Default	rewriteApplyMathTo.fst,prependApplyTwenty.fst,spaceApplyRemoveBefore.fst,rewriteApplyDefault.fst		
228	RewriteCardinalDecade_Default_AppendComma_SpaceInsertBefore_MarkStartCurrencyRange_Default	rewriteApplyCardinalDecade.fst,appendApplyComma.fst,spaceApplyDefault.fst,rewriteApplyDefault.fst	CurrencyRange	
229	RewriteCardinalDecade_PrependNumberSign_Default_SpaceInsertBefore_Default_Default	rewriteApplyCardinalDecade.fst,prependApplyNumberSign.fst,spaceApplyDefault.fst,rewriteApplyDefault.fst		
230	Default_Default_AppendHyphen_SpaceInsertBefore_Default_Default	appendApplyHyphen.fst,spaceApplyDefault.fst,rewriteApplyDefault.fst		
231	RewriteCardinalDecade_Default_AppendColon_SpaceInsertBefore_Default_Default	rewriteApplyCardinalDecade.fst,appendApplyColon.fst,spaceApplyDefault.fst,rewriteApplyDefault.fst		
232	RewriteCardinalDecade_PrependPoint_Default_SpaceInsertBefore_MarkStartCurrencyRange_Default	rewriteApplyCardinalDecade.fst,prependApplyPoint.fst,spaceApplyDefault.fst,rewriteApplyDefault.fst	CurrencyRange	
233	RewriteCardinalMagnitude11s_Default_Default_Default_Default_Default	rewriteApplyCardinalMagnitude11s.fst,spaceApplyRemoveBefore.fst,rewriteApplyDefault.fst		
234	Default_Default_AppendHyphen_Default_Default_Default	appendApplyHyphen.fst,spaceApplyRemoveBefore.fst,rewriteApplyDefault.fst		
235	RewriteCardinalTwoDigit_Default_AppendComma_Default_MarkStartMajorCurrency_Default	rewriteApplyCardinalTwoDigit.fst,appendApplyComma.fst,spaceApplyRemoveBefore.fst,rewriteApplyDefault.fst	MajorCurrency	
236	Default_Default_AppendComma_Default_Default_Default	appendApplyComma.fst,spaceApplyRemoveBefore.fst,rewriteApplyDefault.fst		
237	RewriteCardinalDecadeFirstDigit_PrependPoint_Default_SpaceInsertBefore_Default_Default	rewriteApplyCardinalDecadeFirstDigit.fst,prependApplyPoint.fst,spaceApplyDefault.fst,rewriteApplyDefault.fst		
238	RewriteCardinalMagnitude10s_Default_Default_Default_Default_Default	rewriteApplyCardinalMagnitude10s.fst,spaceApplyRemoveBefore.fst,rewriteApplyDefault.fst		
239	RewriteCardinalDecadeFirstDigit_Default_Default_SpaceInsertBefore_MarkStartArabicToRoman_Default	rewriteApplyCardinalDecadeFirstDigit.fst,spaceApplyDefault.fst,rewriteApplyDefault.fst	ArabicToRoman	
240	RewriteCardinalDigit_PrependTwenty_Default_SpaceInsertBefore_Default_Default	rewriteApplyCardinalDigit.fst,prependApplyTwenty.fst,spaceApplyDefault.fst,rewriteApplyDefault.fst		
241	RewriteCardinalDecadeFirstDigit_PrependPoint_Default_SpaceInsertBefore_MarkStartCurrencyRange_Default	rewriteApplyCardinalDecadeFirstDigit.fst,prependApplyPoint.fst,spaceApplyDefault.fst,rewriteApplyDefault.fst	CurrencyRange	
242	RewriteAbbreviateDirection_Default_Default_Default_Default_Default	rewriteApplyAbbreviateDirection.fst,spaceApplyRemoveBefore.fst,rewriteApplyDefault.fst		
243	RewriteCardinalDecade_PrependPoint_Default_Default_MarkStartMajorCurrency_Default	rewriteApplyCardinalDecade.fst,prependApplyPoint.fst,spaceApplyRemoveBefore.fst,rewriteApplyDefault.fst	MajorCurrency	
244	RewriteLowercase_Default_AppendHyphen_Default_Default_Default	rewriteApplyLowercase.fst,appendApplyHyphen.fst,spaceApplyRemoveBefore.fst,rewriteApplyDefault.fst		
245	RewriteCardinalDecade_Default_Default_SpaceInsertBefore_MarkStartArabicToRoman_MarkEndArabicToRoman	rewriteApplyCardinalDecade.fst,spaceApplyDefault.fst,rewriteApplyDefault.fst	ArabicToRoman	ArabicToRoman
246	Default_PrependPoint_AppendHyphen_Default_Default_Default	prependApplyPoint.fst,appendApplyHyphen.fst,spaceApplyRemoveBefore.fst,rewriteApplyDefault.fst		
247	RewriteMinorCurrency_Default_AppendPeriod_SpaceInsertBefore_Default_Default	rewriteApplyMinorCurrency.fst,appendApplyPeriod.fst,spaceApplyDefault.fst,rewriteApplyDefault.fst		
248	RewriteCardinalTwoDigit_PrependPoint_Default_SpaceInsertBefore_MarkStartCurrencyRange_Default	rewriteApplyCardinalTwoDigit.fst,prependApplyPoint.fst,spaceApplyDefault.fst,rewriteApplyDefault.fst	CurrencyRange	
249	RewriteCardinalDigit_PrependPointZero_Default_SpaceInsertBefore_MarkStartCurrencyRange_Default	rewriteApplyCardinalDigit.fst,prependApplyPointZero.fst,spaceApplyDefault.fst,rewriteApplyDefault.fst	CurrencyRange	
250	RewriteCardinalHundred2s_Default_Default_Default_MarkStartMajorCurrency_Default	rewriteApplyCardinalHundred2s.fst,spaceApplyRemoveBefore.fst,rewriteApplyDefault.fst	MajorCurrency	
251	RewriteCardinalMagnitude11s_Default_AppendComma_Default_Default_Default	rewriteApplyCardinalMagnitude11s.fst,appendApplyComma.fst,spaceApplyRemoveBefore.fst,rewriteApplyDefault.fst		
252	RewriteDomainName_Default_Default_SpaceInsertBefore_Default_Default	rewriteApplyDomainName.fst,spaceApplyDefault.fst,rewriteApplyDefault.fst		
253	RewriteCardinalTwoDigit_PrependPoint_Default_SpaceInsertBefore_Default_Default	rewriteApplyCardinalTwoDigit.fst,prependApplyPoint.fst,spaceApplyDefault.fst,rewriteApplyDefault.fst		
254	RewriteCardinalDecade_Default_AppendHyphen_SpaceInsertBefore_Default_Default	rewriteApplyCardinalDecade.fst,appendApplyHyphen.fst,spaceApplyDefault.fst,rewriteApplyDefault.fst		
255	RewriteCardinalDecadeFirstDigit_PrependTwenty_Default_SpaceInsertBefore_Default_Default	rewriteApplyCardinalDecadeFirstDigit.fst,prependApplyTwenty.fst,spaceApplyDefault.fst,rewriteApplyDefault.fst		
256	RewriteCardinalMagnitude0s_Default_Default_Default_Default_MarkEndArabicToRoman	rewriteApplyCardinalMagnitude0s.fst,spaceApplyRemoveBefore.fst,rewriteApplyDefault.fst		ArabicToRoman
257	RewriteCardinalDigit_Default_AppendPeriod_Default_Default_Default	rewriteApplyCardinalDigit.fst,appendApplyPeriod.fst,spaceApplyRemoveBefore.fst,rewriteApplyDefault.fst		
258	RewriteCardinalDecade_Default_AppendComma_Default_MarkStartMajorCurrency_Default	rewriteApplyCardinalDecade.fst,appendApplyComma.fst,spaceApplyRemoveBefore.fst,rewriteApplyDefault.fst	MajorCurrency	
259	RewriteCardinalHundred0s_Default_Default_SpaceInsertBefore_Default_Default	rewriteApplyCardinalHundred0s.fst,spaceApplyDefault.fst,rewriteApplyDefault.fst		
260	RewriteCardinalDigit_PrependPointZero_Default_SpaceInsertBefore_Default_Default	rewriteApplyCardinalDigit.fst,prependApplyPointZero.fst,spaceApplyDefault.fst,rewriteApplyDefault.fst		
261	RewriteLowercase_PrependPoint_AppendHyphen_Default_Default_Default	rewriteApplyLowercase.fst,prependApplyPoint.fst,appendApplyHyphen.fst,spaceApplyRemoveBefore.fst,rewriteApplyDefault.fst		
262	RewriteRemoveDotAndLowercase_Default_Default_SpaceInsertBefore_Default_Default	rewriteApplyRemoveDotAndLowercase.fst,spaceApplyDefault.fst,rewriteApplyDefault.fst		
263	RewriteCardinalDecade_PrependNumberSign_AppendComma_SpaceInsertBefore_Default_Default	rewriteApplyCardinalDecade.fst,prependApplyNumberSign.fst,appendApplyComma.fst,spaceApplyDefault.fst,rewriteApplyDefault.fst		
264	RewriteAbbreviateTemperatureUnit_Default_Default_SpaceInsertBefore_Default_Default	rewriteApplyAbbreviateTemperatureUnit.fst,spaceApplyDefault.fst,rewriteApplyDefault.fst		
265	RewriteAbbreviateMeasure_PrependPoint_Default_Default_Default_Default	rewriteApplyAbbreviateMeasure.fst,prependApplyPoint.fst,spaceApplyRemoveBefore.fst,rewriteApplyDefault.fst		
266	RewriteMathTo_PrependNineteen_Default_Default_Default_Default	rewriteApplyMathTo.fst,prependApplyNineteen.fst,spaceApplyRemoveBefore.fst,rewriteApplyDefault.fst		
267	RewriteEmailCap_Default_Default_Default_Default_Default	rewriteApplyEmailCap.fst,spaceApplyRemoveBefore.fst,rewriteApplyDefault.fst		
268	RewriteLowercaseRemoveAccentMWT_Default_Default_Default_Default_Default	rewriteApplyLowercaseRemoveAccentMWT.fst,spaceApplyRemoveBefore.fst,rewriteApplyDefault.fst		
269	RewriteCardinalTwoDigit_PrependPoint_Default_Default_MarkStartMajorCurrency_Default	rewriteApplyCardinalTwoDigit.fst,prependApplyPoint.fst,spaceApplyRemoveBefore.fst,rewriteApplyDefault.fst	MajorCurrency	
270	RewriteAmPm_Default_Default_Default_Default_Default	rewriteApplyAmPm.fst,spaceApplyRemoveBefore.fst,rewriteApplyDefault.fst		
271	RewriteCardinalDecade_PrependTwenty_Default_SpaceInsertBefore_Default_Default	rewriteApplyCardinalDecade.fst,prependApplyTwenty.fst,spaceApplyDefault.fst,rewriteApplyDefault.fst		
272	RewriteCardinalDecade_Default_AppendColon_Default_Default_Default	rewriteApplyCardinalDecade.fst,appendApplyColon.fst,spaceApplyRemoveBefore.fst,rewriteApplyDefault.fst		
273	RewriteCardinalMagnitude0s_PrependZero_AppendComma_Default_Default_Default	rewriteApplyCardinalMagnitude0s.fst,prependApplyZero.fst,appendApplyComma.fst,spaceApplyRemoveBefore.fst,rewriteApplyDefault.fst		
274	RewriteDotToPoint_Default_Default_Default_Default_Default	rewriteApplyDotToPoint.fst,spaceApplyRemoveBefore.fst,rewriteApplyDefault.fst		
275	RewriteMajorCurrency_Default_Default_Default_Default_Default	rewriteApplyMajorCurrency.fst,spaceApplyRemoveBefore.fst,rewriteApplyDefault.fst		
276	RewriteCardinalHundred1s_Default_Default_Default_Default_MarkEndArabicToRoman	rewriteApplyCardinalHundred1s.fst,spaceApplyRemoveBefore.fst,rewriteApplyDefault.fst		ArabicToRoman
277	RewriteRemoveDot_Default_Default_Default_Default_Default	rewriteApplyRemoveDot.fst,spaceApplyRemoveBefore.fst,rewriteApplyDefault.fst		
278	RewriteCapitalize_Default_AppendHyphen_SpaceInsertBefore_Default_Default	rewriteApplyCapitalize.fst,appendApplyHyphen.fst,spaceApplyDefault.fst,rewriteApplyDefault.fst		
279	RewriteCardinalDecade_PrependNineteen_Default_SpaceInsertBefore_Default_Default	rewriteApplyCardinalDecade.fst,prependApplyNineteen.fst,spaceApplyDefault.fst,rewriteApplyDefault.fst		
280	RewriteCardinalDigit_Default_AppendPeriod_SpaceInsertBefore_MarkStartMajorCurrency_Default	rewriteApplyCardinalDigit.fst,appendApplyPeriod.fst,spaceApplyDefault.fst,rewriteApplyDefault.fst	MajorCurrency	
281	RewriteCardinalMagnitude0s_Default_AppendPeriod_Default_Default_Default	rewriteApplyCardinalMagnitude0s.fst,appendApplyPeriod.fst,spaceApplyRemoveBefore.fst,rewriteApplyDefault.fst		
282	RewriteCardinalDigit_Default_AppendComma_Default_MarkStartMajorCurrency_Default	rewriteApplyCardinalDigit.fst,appendApplyComma.fst,spaceApplyRemoveBefore.fst,rewriteApplyDefault.fst	MajorCurrency	
283	RewriteCardinalHundred0s_Default_Default_Default_Default_Default	rewriteApplyCardinalHundred0s.fst,spaceApplyRemoveBefore.fst,rewriteApplyDefault.fst		
284	RewriteCardinalTwoDigit_Default_AppendPeriod_Default_Default_Default	rewriteApplyCardinalTwoDigit.fst,appendApplyPeriod.fst,spaceApplyRemoveBefore.fst,rewriteApplyDefault.fst		
285	RewriteLowercaseRemoveAccentMWT_PrependPoint_Default_Default_Default_Default	rewriteApplyLowercaseRemoveAccentMWT.fst,prependApplyPoint.fst,spaceApplyRemoveBefore.fst,rewriteApplyDefault.fst		
286	RewriteSpellCorrectionL_Default_Default_SpaceInsertBefore_Default_Default	rewriteApplySpellCorrectionL.fst,spaceApplyDefault.fst,rewriteApplyDefault.fst		
287	RewriteCardinalDecade_Default_AppendPeriod_Default_Default_Default	rewriteApplyCardinalDecade.fst,appendApplyPeriod.fst,spaceApplyRemoveBefore.fst,rewriteApplyDefault.fst		
288	RewriteCardinalDigit_Default_Default_Default_MarkStartArabicToRoman_MarkEndArabicToRoman	rewriteApplyCardinalDigit.fst,spaceApplyRemoveBefore.fst,rewriteApplyDefault.fst	ArabicToRoman	ArabicToRoman
289	RewriteDash_Default_Default_SpaceInsertBefore_Default_Default	rewriteApplyDash.fst,spaceApplyDefault.fst,rewriteApplyDefault.fst		
290	RewriteTimeOclock_Default_Default_SpaceInsertBefore_Default_Default	rewriteApplyTimeOclock.fst,spaceApplyDefault.fst,rewriteApplyDefault.fst		
291	RewriteDenominator_Default_Default_SpaceInsertBefore_Default_Default	rewriteApplyDenominator.fst,spaceApplyDefault.fst,rewriteApplyDefault.fst		
292	RewriteCardinalTwoDigit_Default_AppendPeriod_SpaceInsertBefore_MarkStartMajorCurrency_Default	rewriteApplyCardinalTwoDigit.fst,appendApplyPeriod.fst,spaceApplyDefault.fst,rewriteApplyDefault.fst	MajorCurrency	
293	RewriteCardinalDecade_Default_Default_Default_MarkStartTime_Default	rewriteApplyCardinalDecade.fst,spaceApplyRemoveBefore.fst,rewriteApplyDefault.fst	Time	
294	RewriteRemoveSpace_Default_Default_Default_Default_Default	rewriteApplyRemoveSpace.fst,spaceApplyRemoveBefore.fst,rewriteApplyDefault.fst		
295	RewriteCardinalDecadeFirstDigit_Default_AppendPeriod_Default_Default_Default	rewriteApplyCardinalDecadeFirstDigit.fst,appendApplyPeriod.fst,spaceApplyRemoveBefore.fst,rewriteApplyDefault.fst		
296	RewriteCardinalTwoDigit_Default_AppendHyphen_Default_Default_Default	rewriteApplyCardinalTwoDigit.fst,appendApplyHyphen.fst,spaceApplyRemoveBefore.fst,rewriteApplyDefault.fst		
297	RewriteCardinalDecade_Default_AppendPeriod_SpaceInsertBefore_MarkStartMajorCurrency_Default	rewriteApplyCardinalDecade.fst,appendApplyPeriod.fst,spaceApplyDefault.fst,rewriteApplyDefault.fst	MajorCurrency	
298	RewriteCardinalMagnitude3s_Default_Default_Default_Default_Default	rewriteApplyCardinalMagnitude3s.fst,spaceApplyRemoveBefore.fst,rewriteApplyDefault.fst		
299	RewriteAbbreviateState_Default_Default_Default_Default_Default	rewriteApplyAbbreviateState.fst,spaceApplyRemoveBefore.fst,rewriteApplyDefault.fst		
300	RewriteCardinalHundred1s_Default_AppendSlash_Default_Default_Default	rewriteApplyCardinalHundred1s.fst,appendApplySlash.fst,spaceApplyRemoveBefore.fst,rewriteApplyDefault.fst		
301	RewriteAbbreviateStreetType_Default_Default_Default_Default_Default	rewriteApplyAbbreviateStreetType.fst,spaceApplyRemoveBefore.fst,rewriteApplyDefault.fst		
302	RewriteDenominator_PrependZero_Default_Default_Default_Default	rewriteApplyDenominator.fst,prependApplyZero.fst,spaceApplyRemoveBefore.fst,rewriteApplyDefault.fst		
303	RewriteCardinalDigit_Default_AppendComma_SpaceInsertBefore_MarkStartCurrencyRange_Default	rewriteApplyCardinalDigit.fst,appendApplyComma.fst,spaceApplyDefault.fst,rewriteApplyDefault.fst	CurrencyRange	
304	RewriteRemoveDotAndSpaceAndLowercase_Default_Default_SpaceInsertBefore_Default_Default	rewriteApplyRemoveDotAndSpaceAndLowercase.fst,spaceApplyDefault.fst,rewriteApplyDefault.fst		
305	RewriteDomainName_Default_Default_Default_Default_Default	rewriteApplyDomainName.fst,spaceApplyRemoveBefore.fst,rewriteApplyDefault.fst		
306	RewriteCardinalDecade_Default_AppendHyphen_Default_Default_Default	rewriteApplyCardinalDecade.fst,appendApplyHyphen.fst,spaceApplyRemoveBefore.fst,rewriteApplyDefault.fst		
307	RewriteCardinalDecadeFirstDigit_PrependZero_Default_Default_Default_Default	rewriteApplyCardinalDecadeFirstDigit.fst,prependApplyZero.fst,spaceApplyRemoveBefore.fst,rewriteApplyDefault.fst		
308	RewriteEmailWeb_Default_Default_SpaceInsertBefore_Default_Default	rewriteApplyEmailWeb.fst,spaceApplyDefault.fst,rewriteApplyDefault.fst		
309	RewriteCardinalDigit_Default_Default_Default_MarkStartArabicToRoman_Default	rewriteApplyCardinalDigit.fst,spaceApplyRemoveBefore.fst,rewriteApplyDefault.fst	ArabicToRoman	
310	RewriteLowercaseRemoveAccentMWT_Default_Default_SpaceInsertBefore_Default_Default	rewriteApplyLowercaseRemoveAccentMWT.fst,spaceApplyDefault.fst,rewriteApplyDefault.fst		
311	RewriteCardinalHundred0s_Default_AppendComma_SpaceInsertBefore_Default_Default	rewriteApplyCardinalHundred0s.fst,appendApplyComma.fst,spaceApplyDefault.fst,rewriteApplyDefault.fst		
312	RewriteLowercase_Default_AppendHyphen_SpaceInsertBefore_Default_Default	rewriteApplyLowercase.fst,appendApplyHyphen.fst,spaceApplyDefault.fst,rewriteApplyDefault.fst		
313	RewriteEtcCap_Default_Default_Default_Default_Default	rewriteApplyEtcCap.fst,spaceApplyRemoveBefore.fst,rewriteApplyDefault.fst		
314	RewriteCardinalMagnitude0s_PrependZero_Default_Default_Default_Default	rewriteApplyCardinalMagnitude0s.fst,prependApplyZero.fst,spaceApplyRemoveBefore.fst,rewriteApplyDefault.fst		
315	RewriteCardinalDigit_Default_Default_Default_MarkStartCurrencyRange_Default	rewriteApplyCardinalDigit.fst,spaceApplyRemoveBefore.fst,rewriteApplyDefault.fst	CurrencyRange	
316	RewritePluralOrdinal_Default_Default_Default_Default_Default	rewriteApplyPluralOrdinal.fst,spaceApplyRemoveBefore.fst,rewriteApplyDefault.fst		
317	RewriteMinorCurrency_Default_Default_Default_Default_Default	rewriteApplyMinorCurrency.fst,spaceApplyRemoveBefore.fst,rewriteApplyDefault.fst		
318	RewriteCardinalDigit_PrependPointZero_Default_SpaceInsertBefore_MarkStartMajorCurrency_Default	rewriteApplyCardinalDigit.fst,prependApplyPointZero.fst,spaceApplyDefault.fst,rewriteApplyDefault.fst	MajorCurrency	
319	RewriteDenominatorDecade_Default_Default_SpaceInsertBefore_Default_Default	rewriteApplyDenominatorDecade.fst,spaceApplyDefault.fst,rewriteApplyDefault.fst		
320	RewriteCardinalHundred0s_Default_Default_SpaceInsertBefore_MarkStartMajorCurrency_Default	rewriteApplyCardinalHundred0s.fst,spaceApplyDefault.fst,rewriteApplyDefault.fst	MajorCurrency	
321	RewriteDotToDot_Default_Default_SpaceInsertBefore_Default_Default	rewriteApplyDotToDot.fst,spaceApplyDefault.fst,rewriteApplyDefault.fst		
322	RewritePluralOrdinalDecade_Default_Default_SpaceInsertBefore_Default_Default	rewriteApplyPluralOrdinalDecade.fst,spaceApplyDefault.fst,rewriteApplyDefault.fst		
323	RewriteAbbreviateDirection_Default_AppendComma_Default_Default_Default	rewriteApplyAbbreviateDirection.fst,appendApplyComma.fst,spaceApplyRemoveBefore.fst,rewriteApplyDefault.fst		
324	RewriteCardinalTwoDigit_PrependZero_Default_Default_Default_Default	rewriteApplyCardinalTwoDigit.fst,prependApplyZero.fst,spaceApplyRemoveBefore.fst,rewriteApplyDefault.fst		
325	RewriteCardinalDecadeFirstDigit_Default_Default_Default_MarkStartCurrencyRange_Default	rewriteApplyCardinalDecadeFirstDigit.fst,spaceApplyRemoveBefore.fst,rewriteApplyDefault.fst	CurrencyRange	
326	RewriteCardinalTwoDigit_PrependPoint_AppendHyphen_Default_Default_Default	rewriteApplyCardinalTwoDigit.fst,prependApplyPoint.fst,appendApplyHyphen.fst,spaceApplyRemoveBefore.fst,rewriteApplyDefault.fst		
327	Default_Default_Default_Default_MarkStartTime_Default	spaceApplyRemoveBefore.fst,rewriteApplyDefault.fst	Time	
328	RewriteMathOperation_Default_Default_SpaceInsertBefore_MarkStartMajorCurrency_Default	rewriteApplyMathOperation.fst,spaceApplyDefault.fst,rewriteApplyDefault.fst	MajorCurrency	
329	RewritePluralOrdinal_Default_Default_SpaceInsertBefore_Default_Default	rewriteApplyPluralOrdinal.fst,spaceApplyDefault.fst,rewriteApplyDefault.fst		
330	RewriteRemoveSpaceAndUppercase_Default_Default_SpaceInsertBefore_Default_Default	rewriteApplyRemoveSpaceAndUppercase.fst,spaceApplyDefault.fst,rewriteApplyDefault.fst		
331	Default_Default_AppendPeriod_SpaceInsertBefore_Default_Default	appendApplyPeriod.fst,spaceApplyDefault.fst,rewriteApplyDefault.fst		
332	RewriteCardinalDigit_PrependTwenty_Default_Default_Default_Default	rewriteApplyCardinalDigit.fst,prependApplyTwenty.fst,spaceApplyRemoveBefore.fst,rewriteApplyDefault.fst		
333	RewriteCardinalHundred0s_Default_AppendHyphen_Default_Default_Default	rewriteApplyCardinalHundred0s.fst,appendApplyHyphen.fst,spaceApplyRemoveBefore.fst,rewriteApplyDefault.fst		
334	RewriteCardinalDecadeFirstDigit_Default_AppendComma_Default_MarkStartMajorCurrency_Default	rewriteApplyCardinalDecadeFirstDigit.fst,appendApplyComma.fst,spaceApplyRemoveBefore.fst,rewriteApplyDefault.fst	MajorCurrency	
335	RewriteMathOperation_Default_Default_SpaceInsertBefore_MarkStartCurrencyRange_Default	rewriteApplyMathOperation.fst,spaceApplyDefault.fst,rewriteApplyDefault.fst	CurrencyRange	
336	RewriteCardinalMagnitude7s_Default_AppendComma_Default_Default_Default	rewriteApplyCardinalMagnitude7s.fst,appendApplyComma.fst,spaceApplyRemoveBefore.fst,rewriteApplyDefault.fst		
337	RewriteCardinalHundred0s_Default_AppendHyphen_SpaceInsertBefore_Default_Default	rewriteApplyCardinalHundred0s.fst,appendApplyHyphen.fst,spaceApplyDefault.fst,rewriteApplyDefault.fst		
338	RewriteCardinalMagnitude1s_Default_AppendComma_Default_Default_Default	rewriteApplyCardinalMagnitude1s.fst,appendApplyComma.fst,spaceApplyRemoveBefore.fst,rewriteApplyDefault.fst		
339	Default_Default_AppendColon_SpaceInsertBefore_Default_Default	appendApplyColon.fst,spaceApplyDefault.fst,rewriteApplyDefault.fst		
340	RewriteCardinalMagnitude1s_Default_AppendPeriod_Default_Default_Default	rewriteApplyCardinalMagnitude1s.fst,appendApplyPeriod.fst,spaceApplyRemoveBefore.fst,rewriteApplyDefault.fst		
341	RewriteCardinalHundred0s_Default_AppendComma_SpaceInsertBefore_MarkStartMajorCurrency_Default	rewriteApplyCardinalHundred0s.fst,appendApplyComma.fst,spaceApplyDefault.fst,rewriteApplyDefault.fst	MajorCurrency	
342	RewriteRemoveDotAndSpaceAndLowercase_Default_Default_Default_Default_Default	rewriteApplyRemoveDotAndSpaceAndLowercase.fst,spaceApplyRemoveBefore.fst,rewriteApplyDefault.fst		
343	RewriteCardinalMagnitude4s_Default_AppendComma_Default_Default_Default	rewriteApplyCardinalMagnitude4s.fst,appendApplyComma.fst,spaceApplyRemoveBefore.fst,rewriteApplyDefault.fst		
344	Default_PrependNumberSign_Default_SpaceInsertBefore_Default_Default	prependApplyNumberSign.fst,spaceApplyDefault.fst,rewriteApplyDefault.fst		
345	RewriteCardinalTwoDigit_Default_Default_Default_MarkStartTime_Default	rewriteApplyCardinalTwoDigit.fst,spaceApplyRemoveBefore.fst,rewriteApplyDefault.fst	Time	
346	RewriteRemoveDotAndLowercase_PrependPoint_Default_Default_Default_Default	rewriteApplyRemoveDotAndLowercase.fst,prependApplyPoint.fst,spaceApplyRemoveBefore.fst,rewriteApplyDefault.fst		
347	RewriteCardinalHundred0s_Default_AppendComma_Default_Default_Default	rewriteApplyCardinalHundred0s.fst,appendApplyComma.fst,spaceApplyRemoveBefore.fst,rewriteApplyDefault.fst		
348	RewriteRemoveApostropheAndSpaceAndLowercase_PrependNumberSign_Default_Default_Default_Default	rewriteApplyRemoveApostropheAndSpaceAndLowercase.fst,prependApplyNumberSign.fst,spaceApplyRemoveBefore.fst,rewriteApplyDefault.fst		
349	RewriteCardinalDigit_PrependZero_AppendColon_Default_Default_Default	rewriteApplyCardinalDigit.fst,prependApplyZero.fst,appendApplyColon.fst,spaceApplyRemoveBefore.fst,rewriteApplyDefault.fst		
350	RewriteCardinalMagnitude3s_Default_AppendComma_Default_Default_Default	rewriteApplyCardinalMagnitude3s.fst,appendApplyComma.fst,spaceApplyRemoveBefore.fst,rewriteApplyDefault.fst		
351	RewriteOrdinal_Default_AppendHyphen_Default_Default_Default	rewriteApplyOrdinal.fst,appendApplyHyphen.fst,spaceApplyRemoveBefore.fst,rewriteApplyDefault.fst		
352	RewriteCardinalDigit_PrependPointZero_Default_Default_MarkStartMajorCurrency_Default	rewriteApplyCardinalDigit.fst,prependApplyPointZero.fst,spaceApplyRemoveBefore.fst,rewriteApplyDefault.fst	MajorCurrency	
353	Default_PrependPoint_AppendPeriod_Default_Default_Default	prependApplyPoint.fst,appendApplyPeriod.fst,spaceApplyRemoveBefore.fst,rewriteApplyDefault.fst		
354	RewriteCardinalHundred1s_Default_Default_SpaceInsertBefore_MarkStartCurrencyRange_Default	rewriteApplyCardinalHundred1s.fst,spaceApplyDefault.fst,rewriteApplyDefault.fst	CurrencyRange	
355	RewriteRemoveDotAndSpaceAndLowercase_PrependPoint_Default_Default_Default_Default	rewriteApplyRemoveDotAndSpaceAndLowercase.fst,prependApplyPoint.fst,spaceApplyRemoveBefore.fst,rewriteApplyDefault.fst		
356	RewriteCardinalDigit_PrependPoint_Default_SpaceInsertBefore_MarkStartMajorCurrency_Default	rewriteApplyCardinalDigit.fst,prependApplyPoint.fst,spaceApplyDefault.fst,rewriteApplyDefault.fst	MajorCurrency	
357	RewriteLowercase_Default_AppendPeriod_SpaceInsertBefore_Default_Default	rewriteApplyLowercase.fst,appendApplyPeriod.fst,spaceApplyDefault.fst,rewriteApplyDefault.fst		
358	RewriteCardinalMagnitude1s_Default_Default_Default_Default_MarkEndArabicToRoman	rewriteApplyCardinalMagnitude1s.fst,spaceApplyRemoveBefore.fst,rewriteApplyDefault.fst		ArabicToRoman
359	RewriteCardinalHundred0s_PrependPoint_Default_Default_Default_Default	rewriteApplyCardinalHundred0s.fst,prependApplyPoint.fst,spaceApplyRemoveBefore.fst,rewriteApplyDefault.fst		
360	Default_Default_Default_SpaceInsertBefore_Default_MarkEndCurrencyRange	spaceApplyDefault.fst,rewriteApplyDefault.fst		CurrencyRange
361	RewriteCardinalTwoDigit_PrependTwenty_Default_Default_Default_Default	rewriteApplyCardinalTwoDigit.fst,prependApplyTwenty.fst,spaceApplyRemoveBefore.fst,rewriteApplyDefault.fst		
362	RewriteCardinalMagnitude2s_Default_Default_Default_Default_MarkEndArabicToRoman	rewriteApplyCardinalMagnitude2s.fst,spaceApplyRemoveBefore.fst,rewriteApplyDefault.fst		ArabicToRoman
363	RewriteAmPm_Default_AppendPeriod_SpaceInsertBefore_Default_Default	rewriteApplyAmPm.fst,appendApplyPeriod.fst,spaceApplyDefault.fst,rewriteApplyDefault.fst		
364	RewriteDecimalMagnitude0s_Default_AppendComma_Default_Default_Default	rewriteApplyDecimalMagnitude0s.fst,appendApplyComma.fst,spaceApplyRemoveBefore.fst,rewriteApplyDefault.fst		
365	RewriteOrdinalAsCardinal_PrependTwenty_Default_Default_Default_Default	rewriteApplyOrdinalAsCardinal.fst,prependApplyTwenty.fst,spaceApplyRemoveBefore.fst,rewriteApplyDefault.fst		
366	RewriteOrdinalAsCardinal_PrependTwenty_AppendComma_Default_Default_Default	rewriteApplyOrdinalAsCardinal.fst,prependApplyTwenty.fst,appendApplyComma.fst,spaceApplyRemoveBefore.fst,rewriteApplyDefault.fst		
367	RewriteCardinalDigit_Default_Default_Default_MarkStartTime_Default	rewriteApplyCardinalDigit.fst,spaceApplyRemoveBefore.fst,rewriteApplyDefault.fst	Time	
368	RewriteCardinalDecade_PrependPoint_AppendComma_Default_Default_Default	rewriteApplyCardinalDecade.fst,prependApplyPoint.fst,appendApplyComma.fst,spaceApplyRemoveBefore.fst,rewriteApplyDefault.fst		
369	RewriteCapitalize_PrependPoint_Default_Default_Default_Default	rewriteApplyCapitalize.fst,prependApplyPoint.fst,spaceApplyRemoveBefore.fst,rewriteApplyDefault.fst		
370	RewriteEmailWeb_Default_AppendSlash_Default_Default_Default	rewriteApplyEmailWeb.fst,appendApplySlash.fst,spaceApplyRemoveBefore.fst,rewriteApplyDefault.fst		
371	RewriteMathOperation_PrependNineteen_Default_Default_Default_Default	rewriteApplyMathOperation.fst,prependApplyNineteen.fst,spaceApplyRemoveBefore.fst,rewriteApplyDefault.fst		
372	RewriteCardinalDecadeFirstDigit_Default_AppendColon_SpaceInsertBefore_Default_Default	rewriteApplyCardinalDecadeFirstDigit.fst,appendApplyColon.fst,spaceApplyDefault.fst,rewriteApplyDefault.fst		
373	RewritePointToDot_PrependZero_Default_SpaceInsertBefore_Default_Default	rewriteApplyPointToDot.fst,prependApplyZero.fst,spaceApplyDefault.fst,rewriteApplyDefault.fst		
374	RewriteCardinalDigit_Default_AppendPeriod_SpaceInsertBefore_Default_Default	rewriteApplyCardinalDigit.fst,appendApplyPeriod.fst,spaceApplyDefault.fst,rewriteApplyDefault.fst		
375	RewriteCardinalHundred0s_Default_AppendSlash_SpaceInsertBefore_Default_Default	rewriteApplyCardinalHundred0s.fst,appendApplySlash.fst,spaceApplyDefault.fst,rewriteApplyDefault.fst		
376	RewriteMathNegative_Default_Default_Default_MarkStartMajorCurrency_Default	rewriteApplyMathNegative.fst,spaceApplyRemoveBefore.fst,rewriteApplyDefault.fst	MajorCurrency	
377	RewriteAbbreviateMeasure_PrependTwenty_Default_SpaceInsertBefore_Default_Default	rewriteApplyAbbreviateMeasure.fst,prependApplyTwenty.fst,spaceApplyDefault.fst,rewriteApplyDefault.fst		
378	RewriteCardinalDecadeFirstDigit_Default_Default_Default_MarkStartTime_Default	rewriteApplyCardinalDecadeFirstDigit.fst,spaceApplyRemoveBefore.fst,rewriteApplyDefault.fst	Time	
379	RewriteCardinalMagnitude0s_PrependPoint_Default_Default_Default_Default	rewriteApplyCardinalMagnitude0s.fst,prependApplyPoint.fst,spaceApplyRemoveBefore.fst,rewriteApplyDefault.fst		
380	RewriteMathOperation_PrependZero_Default_Default_Default_Default	rewriteApplyMathOperation.fst,prependApplyZero.fst,spaceApplyRemoveBefore.fst,rewriteApplyDefault.fst		
381	RewriteCardinalDecade_PrependPoint_AppendHyphen_Default_Default_Default	rewriteApplyCardinalDecade.fst,prependApplyPoint.fst,appendApplyHyphen.fst,spaceApplyRemoveBefore.fst,rewriteApplyDefault.fst		
382	RewriteDecimalMagnitude2s_Default_AppendHyphen_Default_Default_Default	rewriteApplyDecimalMagnitude2s.fst,appendApplyHyphen.fst,spaceApplyRemoveBefore.fst,rewriteApplyDefault.fst		
383	RewriteCardinalHundred0s_Default_AppendSlash_Default_Default_Default	rewriteApplyCardinalHundred0s.fst,appendApplySlash.fst,spaceApplyRemoveBefore.fst,rewriteApplyDefault.fst		
